{
  "Baseline": {
    "overall": 40.711220110361744,
    "dynamics": 37.27830832196453,
    "property": 56.60896931549961,
    "relationships": 41.94015444015444,
    "scene": 26.026785714285715,
    "image-only": 58.38662075750123,
    "image&video": 38.81791858286493,
    "general": 27.523910733262486,
    "correct": 3984,
    "total": 9786
  },
  "GRPO_R2": {
    "overall": 46.259963212752915,
    "dynamics": 45.25920873124147,
    "property": 55.586152635719905,
    "relationships": 41.31274131274131,
    "scene": 41.5625,
    "image-only": 56.27151992129858,
    "image&video": 49.24203713166411,
    "general": 26.14240170031881,
    "correct": 4527,
    "total": 9786
  },
  "SFT_R1": {
    "overall": 47.50664214183527,
    "dynamics": 44.40654843110505,
    "property": 56.923682140047205,
    "relationships": 43.24324324324324,
    "scene": 44.82142857142857,
    "image-only": 58.53418593212002,
    "image&video": 50.19587804462613,
    "general": 27.20510095642933,
    "correct": 4649,
    "total": 9786
  },
  "R2_redo": {
    "overall": 47.63948497854077,
    "dynamics": 43.92905866302865,
    "property": 57.86782061369001,
    "relationships": 42.036679536679536,
    "scene": 46.07142857142857,
    "image-only": 58.68175110673881,
    "image&video": 51.473343553057404,
    "general": 23.751328374070138,
    "correct": 4662,
    "total": 9786
  },
  "GRPO_R3": {
    "overall": 47.72123441651339,
    "dynamics": 44.27012278308322,
    "property": 56.13690007867821,
    "relationships": 44.69111969111969,
    "scene": 45.49107142857143,
    "image-only": 59.51795376291195,
    "image&video": 50.09368080395163,
    "general": 27.577045696068012,
    "correct": 4670,
    "total": 9786
  }
}